0,Créer des images avec Processing
1,Le kit du détective numérique
2,Pure Data
3,"HTML, le langage du web"
4,"Arduino, kesako ?"
5,Mail-me please
6,Culture hacker
7,What's in a computer ?
8,Surfer sur la toile
9,Terminal
10,Automatonism
11,Qu'est ce qu'un OS
12,Cyberespace
13,"Markdown, qui es-tu ?"
14,Librazik
15,Cyberféminisme
16,"Impression 3D : machines, matériaux et fabrication"
17,Tara Rodgers et la synthèse sonore
18,Processing Community Days
19,Circuit bending
20,T'as vu ta tronche ? Gimp pour éditer et retoucher des images
21,La face cachée du web
22,Musique DIY : les cartes audio électronique
23,Le TOP50 des algorithmes
24,FREECAD : au service de la modélisation 3D
25,Récup' de batteries lithium
26,Comprendre le son
27,"PYTHON : programmer, ce n'est pas que pour les reptiles"
28,Serveur maison et auto-hébergement
29,"Femmes artistes numériques, artistes numériques féministes"
30,"VCV RACK, ouvrir l'armoire de la musique électronique"
31,Le modèle économique des jeux vidéo gratuits
32,"BLENDER, mixeur d'images numériques avec un zeste de créativité"
33,La trousse à outils du bricolage numérique
34,"MASTODON, le petit animal social pour communiquer en réseau"
35,"Intelligence artificielle, mon assistant personnel et moi..."
